Parameter Name,Value
General Information,
Sample name:,2763
Start of measurement:,03*09*2014 14:41:19
Stop of measurement:,17*09*2014 13:41:19
Duration of Measurements:,13 Days
Geometric Parameters,
Soil surface area [cm2]:,249
Soil column height [cm]:,5
Position lower tensiometer [cm]:,3.75
Position upper tensiometer [cm]:,1.25
HYPROP Parameters,
Measurement head net weight [g]:,358
Empty soil sampling ring weight [g]:,193
Air entry pressure upper tensiometer [bar]:,8.8
Air entry pressure lower tensiometer [bar]:,8.8
Density of solid substance [g/cm3]:,2.65
Statistical analysis,
Tensiometer [hPa]:,0.6
Scale [g]:,0.06
Sensor Unit Information,
Busnumber:,2
Subaddress:,1
Serial number:,767
Sensor unit name:,MY-HYPROP-MK
Firmware Version:,NaN
Scale Information,
Serial number:,
Scale name:,
Correction,
Volume correction [ml]:,0
Weight correction [g]:,0
Start/Stop Line,
Start,03*09*2014 14:41:19
Tension top Air Entry Point,15*09*2014 03:41:19
Tension bottom Air Entry Point,16*09*2014 00:11:19
Calculation of water contents,
Calculation of water contents,From dry soil weight [g]:
Initial water content [Vol%]:,0.364698785375879
Dry soil weight [g]:,378.2
Additional Soil Paramters,
Density [g/cm3]:,1.52
Porosity [-]:,0.43
Fitting Parameters,
INTERPOL,2
Tensiometer_Mean,2
Polynomial_degree,5
wtheta,1
wk,0.001
Fitting,
Model Description,PDI-variant of the bimodal constrained van Genuchten model 
Notes,
texture,
plot,
depth,
Date / Time,Tension bottom [hPa],Tension top [hPa],Temperature [°C]
03*09*2014 14:41:19,-3.38,-0.53,21.55
03*09*2014 14:42:19,-3.35,-0.54,21.57
03*09*2014 14:43:19,-3.32,-0.47,21.59
03*09*2014 14:44:19,-3.33,-0.44,21.61
03*09*2014 14:45:19,-3.35,-0.5,21.64
03*09*2014 14:46:19,-3.08,-0.34,21.66
03*09*2014 14:47:19,-3.26,-0.5,21.68
03*09*2014 14:48:19,-3.22,-0.47,21.7
03*09*2014 14:49:19,-3.16,-0.44,21.73
03*09*2014 14:50:19,-3.08,-0.47,21.75
03*09*2014 14:51:19,-3.25,-0.53,21.78
03*09*2014 14:52:19,-2.85,-0.33,21.8
03*09*2014 14:53:19,-3.05,-0.38,21.82
03*09*2014 14:54:19,-3.05,-0.34,21.84
03*09*2014 14:55:19,-2.78,-0.26,21.86
03*09*2014 14:56:19,-2.99,-0.33,21.88
03*09*2014 14:57:19,-2.97,-0.26,21.9
03*09*2014 14:58:19,-2.92,-0.26,21.92
03*09*2014 14:59:19,-2.87,-0.23,21.93
03*09*2014 15:00:19,-2.94,-0.2,21.95
03*09*2014 15:01:19,-2.75,-0.19,21.97
03*09*2014 15:02:19,-2.81,-0.18,21.98
03*09*2014 15:03:19,-2.78,-0.15,21.99
03*09*2014 15:04:19,-2.52,-0.05,22.01
03*09*2014 15:05:19,-2.56,-0.13,22.03
03*09*2014 15:06:19,-2.7,-0.09,22.04
03*09*2014 15:07:19,-2.69,-0.07,22.05
03*09*2014 15:08:19,-2.62,-0.06,22.07
03*09*2014 15:09:19,-2.66,-0.05,22.08
03*09*2014 15:10:19,-2.63,0.03,22.1
03*09*2014 15:11:19,-2.38,0.08,22.11
03*09*2014 15:12:19,-2.7,-0.01,22.12
03*09*2014 15:13:19,-2.63,0,22.14
03*09*2014 15:14:19,-2.56,0.08,22.15
03*09*2014 15:15:19,-2.53,0.07,22.16
03*09*2014 15:16:19,-2.5,0.08,22.17
03*09*2014 15:17:19,-2.87,0.08,22.19
03*09*2014 15:18:19,-2.49,0.1,22.2
03*09*2014 15:19:19,-2.47,0.12,22.21
03*09*2014 15:20:19,-2.2,0.24,22.22
03*09*2014 15:21:19,-2.45,0.16,22.23
03*09*2014 15:22:19,-2.41,0.17,22.24
03*09*2014 15:23:19,-2.35,0.2,22.25
03*09*2014 15:24:19,-2.35,0.23,22.26
03*09*2014 15:25:19,-2.26,0.21,22.27
03*09*2014 15:26:19,-2.31,0.28,22.28
03*09*2014 15:27:19,-2.22,0.31,22.29
03*09*2014 15:28:19,-2.28,0.31,22.3
03*09*2014 15:29:19,-1.92,0.41,22.31
03*09*2014 15:30:19,-2.16,0.38,22.32
03*09*2014 15:31:19,-2.16,0.42,22.33
03*09*2014 15:32:19,-2.16,0.42,22.33
03*09*2014 15:33:19,-2.07,0.43,22.34
03*09*2014 15:34:19,-2.1,0.46,22.35
03*09*2014 15:35:19,-2.08,0.48,22.35
03*09*2014 15:36:19,-2,0.51,22.36
03*09*2014 15:37:19,-2.02,0.54,22.37
03*09*2014 15:38:19,-1.94,0.6,22.37
03*09*2014 15:39:19,-1.88,0.61,22.37
03*09*2014 15:40:19,-1.95,0.6,22.38
03*09*2014 15:41:19,-1.96,0.62,22.38
03*09*2014 16:11:19,-1.11,1.47,22.35
03*09*2014 16:41:19,-0.34,2.21,22.23
03*09*2014 17:11:19,0.56,2.96,22.13
03*09*2014 17:41:19,0.96,3.57,22.08
03*09*2014 18:11:19,1.72,4.37,22.09
03*09*2014 18:41:19,2.44,5.15,22.18
03*09*2014 19:11:19,2.86,5.52,22.96
03*09*2014 19:41:19,4.06,6.7,23.08
03*09*2014 20:11:19,5.45,8.06,22.98
03*09*2014 20:41:19,6.85,9.46,22.86
03*09*2014 21:11:19,8.19,10.69,22.74
03*09*2014 21:41:19,9.44,12.07,22.62
03*09*2014 22:11:19,10.85,13.5,22.5
03*09*2014 22:41:19,6.1,8.89,22.38
03*09*2014 23:11:19,7.75,10.44,22.26
03*09*2014 23:41:19,10.26,12.75,22.11
04*09*2014 00:11:19,12.97,15.65,21.99
04*09*2014 00:41:19,6.22,8.94,21.9
04*09*2014 01:11:19,9.72,12.45,21.82
04*09*2014 01:41:19,6.16,9.33,21.76
04*09*2014 02:11:19,7.43,10.27,21.71
04*09*2014 02:41:19,8.44,11.33,21.66
04*09*2014 03:11:19,9.49,12.39,21.61
04*09*2014 03:41:19,10.31,13.19,21.57
04*09*2014 04:11:19,11.27,13.92,21.53
04*09*2014 04:41:19,12.26,15.12,21.49
04*09*2014 05:11:19,13.15,15.93,21.44
04*09*2014 05:41:19,14.01,16.85,21.4
04*09*2014 06:11:19,14.77,17.59,21.35
04*09*2014 06:41:19,15.56,18.37,21.31
04*09*2014 07:11:19,16.49,19.32,21.25
04*09*2014 07:41:19,17.38,20.22,21.21
04*09*2014 08:11:19,18.18,21.03,21.16
04*09*2014 08:41:19,19.04,21.86,21.13
04*09*2014 09:11:19,19.12,21.96,21.12
04*09*2014 09:41:19,20.38,23.2,21.19
04*09*2014 10:11:19,21.4,24.27,21.2
04*09*2014 10:41:19,22.06,24.85,21.2
04*09*2014 11:11:19,22.77,25.53,21.2
04*09*2014 11:41:19,21.95,22.12,21.21
04*09*2014 12:11:19,23.74,26.61,21.22
04*09*2014 12:41:19,24.65,27.53,21.23
04*09*2014 13:11:19,25.46,28.22,21.24
04*09*2014 13:41:19,25.89,28.85,21.31
04*09*2014 14:11:19,27,29.9,21.38
04*09*2014 14:41:19,27.97,30.94,21.42
04*09*2014 15:11:19,28.78,31.73,21.45
04*09*2014 15:41:19,29.67,32.68,21.48
04*09*2014 16:11:19,30.63,33.59,21.5
04*09*2014 16:41:19,31.06,33.98,21.6
04*09*2014 17:11:19,31.98,34.92,21.67
04*09*2014 17:41:19,32.83,35.74,21.71
04*09*2014 18:11:19,33.7,36.61,21.75
04*09*2014 18:41:19,34.53,37.4,21.77
04*09*2014 19:11:19,35.3,38.23,21.77
04*09*2014 19:41:19,35.98,38.9,21.77
04*09*2014 20:11:19,36.48,39.33,21.77
04*09*2014 20:41:19,37.15,40.07,21.78
04*09*2014 21:11:19,37.88,40.72,21.77
04*09*2014 21:41:19,38.43,41.38,21.76
04*09*2014 22:11:19,38.99,41.84,21.75
04*09*2014 22:41:19,39.49,42.39,21.74
04*09*2014 23:11:19,40.04,42.97,21.73
04*09*2014 23:41:19,40.79,43.71,21.73
05*09*2014 00:11:19,41.37,44.3,21.7
05*09*2014 00:41:19,41.95,44.98,21.68
05*09*2014 01:11:19,42.54,45.51,21.66
05*09*2014 01:41:19,43.16,46.16,21.63
05*09*2014 02:11:19,43.81,46.77,21.61
05*09*2014 02:41:19,44.27,47.28,21.59
05*09*2014 03:11:19,44.84,47.84,21.57
05*09*2014 03:41:19,45.35,48.33,21.56
05*09*2014 04:11:19,45.93,48.94,21.55
05*09*2014 04:41:19,46.39,49.41,21.54
05*09*2014 05:11:19,46.89,49.95,21.54
05*09*2014 05:41:19,47.29,50.34,21.54
05*09*2014 06:11:19,47.57,50.79,21.54
05*09*2014 06:41:19,48.21,51.31,21.54
05*09*2014 07:11:19,48.68,51.79,21.54
05*09*2014 07:41:19,49.1,52.25,21.54
05*09*2014 08:11:19,49.54,52.69,21.53
05*09*2014 08:41:19,49.97,53.14,21.53
05*09*2014 09:11:19,50.38,53.52,21.52
05*09*2014 09:41:19,50.53,53.74,21.65
05*09*2014 10:11:19,50.86,54.09,21.95
05*09*2014 10:41:19,51.33,54.44,22.3
05*09*2014 11:11:19,51.82,55.24,22.42
05*09*2014 11:41:19,52.36,55.84,22.45
05*09*2014 12:11:19,52.81,56.41,22.46
05*09*2014 12:41:19,53.4,56.98,22.41
05*09*2014 13:11:19,53.8,57.44,22.37
05*09*2014 13:41:19,53.73,56.99,22.4
05*09*2014 14:11:19,54.33,57.89,22.47
05*09*2014 14:41:19,54.65,58.35,22.5
05*09*2014 15:11:19,55.16,58.77,22.52
05*09*2014 15:41:19,55.64,59.02,22.51
05*09*2014 16:11:19,53.9,57.17,22.5
05*09*2014 16:41:19,56.05,59.49,22.56
05*09*2014 17:11:19,56.44,60.13,22.56
05*09*2014 17:41:19,56.9,60.52,22.56
05*09*2014 18:11:19,57.14,60.78,22.56
05*09*2014 18:41:19,57.63,61.25,22.55
05*09*2014 19:11:19,57.92,61.68,22.55
05*09*2014 19:41:19,58.19,61.92,22.54
05*09*2014 20:11:19,58.48,62.25,22.53
05*09*2014 20:41:19,58.67,62.43,22.52
05*09*2014 21:11:19,58.98,62.86,22.51
05*09*2014 21:41:19,59.29,63.13,22.49
05*09*2014 22:11:19,59.47,63.54,22.47
05*09*2014 22:41:19,59.77,63.75,22.45
05*09*2014 23:11:19,60,64.18,22.42
05*09*2014 23:41:19,60.3,64.52,22.4
06*09*2014 00:11:19,60.57,64.73,22.36
06*09*2014 00:41:19,60.78,65.07,22.34
06*09*2014 01:11:19,60.95,65.14,22.31
06*09*2014 01:41:19,61.14,65.63,22.29
06*09*2014 02:11:19,61.46,65.94,22.26
06*09*2014 02:41:19,61.79,66.22,22.24
06*09*2014 03:11:19,62,66.51,22.22
06*09*2014 03:41:19,62.09,66.82,22.2
06*09*2014 04:11:19,62.4,67.11,22.18
06*09*2014 04:41:19,62.43,67.33,22.17
06*09*2014 05:11:19,62.81,67.69,22.15
06*09*2014 05:41:19,63.04,67.89,22.15
06*09*2014 06:11:19,63.18,68.18,22.13
06*09*2014 06:41:19,63.44,68.43,22.12
06*09*2014 07:11:19,63.66,68.69,22.1
06*09*2014 07:41:19,63.87,68.97,22.09
06*09*2014 08:11:19,64.09,69.16,22.07
06*09*2014 08:41:19,64.26,69.55,22.06
06*09*2014 09:11:19,64.41,69.65,22.04
06*09*2014 09:41:19,64.63,70.11,22.03
06*09*2014 10:11:19,64.83,70.31,22.02
06*09*2014 10:41:19,64.98,70.74,22.01
06*09*2014 11:11:19,64.98,70.9,22
06*09*2014 11:41:19,65.25,71.1,22.01
06*09*2014 12:11:19,65.64,71.29,22.01
06*09*2014 12:41:19,65.71,71.11,22.02
06*09*2014 13:11:19,66.06,71.77,22.03
06*09*2014 13:41:19,66.24,71.89,22.05
06*09*2014 14:11:19,66.43,72.22,22.07
06*09*2014 14:41:19,66.67,72.54,22.08
06*09*2014 15:11:19,66.76,72.8,22.09
06*09*2014 15:41:19,66.99,73.3,22.1
06*09*2014 16:11:19,67.21,73.7,22.12
06*09*2014 16:41:19,67.43,74.09,22.13
06*09*2014 17:11:19,67.67,74.19,22.15
06*09*2014 17:41:19,67.82,74.71,22.17
06*09*2014 18:11:19,67.96,75.19,22.21
06*09*2014 18:41:19,68.25,75.59,22.25
06*09*2014 19:11:19,68.38,75.93,22.26
06*09*2014 19:41:19,68.61,76.1,22.26
06*09*2014 20:11:19,68.85,76.77,22.26
06*09*2014 20:41:19,69.06,76.92,22.26
06*09*2014 21:11:19,69.3,77.29,22.26
06*09*2014 21:41:19,69.23,77.64,22.25
06*09*2014 22:11:19,69.83,77.98,22.24
06*09*2014 22:41:19,70.07,78.28,22.22
06*09*2014 23:11:19,70.39,78.35,22.19
06*09*2014 23:41:19,70.63,78.88,22.16
07*09*2014 00:11:19,70.84,79.08,22.12
07*09*2014 00:41:19,71.1,79.63,22.09
07*09*2014 01:11:19,71.35,80.26,22.05
07*09*2014 01:41:19,71.67,80.55,22.01
07*09*2014 02:11:19,71.91,78.69,21.97
07*09*2014 02:41:19,72.21,81.3,21.92
07*09*2014 03:11:19,72.36,81.79,21.87
07*09*2014 03:41:19,72.72,82.16,21.82
07*09*2014 04:11:19,72.87,82.77,21.77
07*09*2014 04:41:19,72.86,82.99,21.73
07*09*2014 05:11:19,73.01,83.9,21.68
07*09*2014 05:41:19,73.68,84.51,21.63
07*09*2014 06:11:19,74.07,84.89,21.58
07*09*2014 06:41:19,74.37,85.52,21.53
07*09*2014 07:11:19,74.65,86.04,21.48
07*09*2014 07:41:19,74.98,86.6,21.42
07*09*2014 08:11:19,75.36,87.33,21.36
07*09*2014 08:41:19,75.54,87.91,21.3
07*09*2014 09:11:19,75.92,88.55,21.25
07*09*2014 09:41:19,76.27,88.9,21.21
07*09*2014 10:11:19,76.56,89.46,21.19
07*09*2014 10:41:19,76.82,90,21.19
07*09*2014 11:11:19,77.08,90.45,21.21
07*09*2014 11:41:19,77.42,90.85,21.24
07*09*2014 12:11:19,77.82,91.28,21.28
07*09*2014 12:41:19,78.2,91.63,21.32
07*09*2014 13:11:19,78.38,92.01,21.35
07*09*2014 13:41:19,78.81,91.85,21.38
07*09*2014 14:11:19,79.06,92.82,21.4
07*09*2014 14:41:19,79.4,92.28,21.43
07*09*2014 15:11:19,79.72,93.96,21.45
07*09*2014 15:41:19,80.16,94.39,21.48
07*09*2014 16:11:19,80.41,95.04,21.51
07*09*2014 16:41:19,80.65,95.59,21.56
07*09*2014 17:11:19,81.05,96.46,21.63
07*09*2014 17:41:19,81.38,96.89,21.71
07*09*2014 18:11:19,81.75,97.87,21.81
07*09*2014 18:41:19,82.08,98.5,21.93
07*09*2014 19:11:19,82.31,98.91,22.03
07*09*2014 19:41:19,82.79,99.72,22.11
07*09*2014 20:11:19,83.15,100.7,22.16
07*09*2014 20:41:19,83.22,99.61,22.18
07*09*2014 21:11:19,83.85,101.89,22.17
07*09*2014 21:41:19,84.34,102.46,22.16
07*09*2014 22:11:19,84.74,102.81,22.14
07*09*2014 22:41:19,85.06,103.46,22.11
07*09*2014 23:11:19,85.48,103.74,22.09
07*09*2014 23:41:19,85.93,104.49,22.06
08*09*2014 00:11:19,86.27,105,22.03
08*09*2014 00:41:19,86.86,105.58,22
08*09*2014 01:11:19,87.14,106.03,21.98
08*09*2014 01:41:19,87.67,106.45,21.95
08*09*2014 02:11:19,88.02,107.07,21.93
08*09*2014 02:41:19,88.56,107.55,21.9
08*09*2014 03:11:19,88.87,108.26,21.88
08*09*2014 03:41:19,89.32,108.65,21.86
08*09*2014 04:11:19,89.86,109.57,21.84
08*09*2014 04:41:19,90.19,110.16,21.81
08*09*2014 05:11:19,90.14,110.78,21.78
08*09*2014 05:41:19,90.95,111.4,21.76
08*09*2014 06:11:19,91.52,111.85,21.73
08*09*2014 06:41:19,91.92,112.82,21.7
08*09*2014 07:11:19,92.43,113.4,21.66
08*09*2014 07:41:19,92.84,114.32,21.63
08*09*2014 08:11:19,93.33,115.02,21.59
08*09*2014 08:41:19,93.86,115.89,21.55
08*09*2014 09:11:19,93.94,116.6,21.56
08*09*2014 09:41:19,94.58,117.8,21.55
08*09*2014 10:11:19,94.98,118.12,21.54
08*09*2014 10:41:19,95.56,119.21,21.55
08*09*2014 11:11:19,96,120.14,21.55
08*09*2014 11:41:19,96.61,120.78,21.55
08*09*2014 12:11:19,96.97,121.64,21.55
08*09*2014 12:41:19,97.2,122.72,21.54
08*09*2014 13:11:19,98.05,123.4,21.53
08*09*2014 13:41:19,98.11,124.13,21.52
08*09*2014 14:11:19,99.05,124.83,21.53
08*09*2014 14:41:19,99.6,125.76,21.53
08*09*2014 15:11:19,99.26,126.29,21.58
08*09*2014 15:41:19,100.11,127.62,21.66
08*09*2014 16:11:19,100.72,128.71,21.71
08*09*2014 16:41:19,101.35,129.76,21.76
08*09*2014 17:11:19,101.84,131.24,21.82
08*09*2014 17:41:19,102.03,132.11,21.92
08*09*2014 18:11:19,102.92,133.96,22.07
08*09*2014 18:41:19,103.12,135.17,22.29
08*09*2014 19:11:19,103.41,136.7,22.89
08*09*2014 19:41:19,104.26,138.13,23.09
08*09*2014 20:11:19,105.06,140.05,23.12
08*09*2014 20:41:19,105.65,141.55,23.07
08*09*2014 21:11:19,106.61,143.12,22.97
08*09*2014 21:41:19,107.23,144.5,22.85
08*09*2014 22:11:19,107.75,146.68,22.72
08*09*2014 22:41:19,108.56,148.78,22.57
08*09*2014 23:11:19,109.63,150.79,22.42
08*09*2014 23:41:19,110.42,152.89,22.28
09*09*2014 00:11:19,111.16,154.59,22.15
09*09*2014 00:41:19,111.81,157.03,22.04
09*09*2014 01:11:19,112.93,159.24,21.93
09*09*2014 01:41:19,113.47,161.37,21.84
09*09*2014 02:11:19,114.47,163.41,21.75
09*09*2014 02:41:19,115.18,165.41,21.66
09*09*2014 03:11:19,116.25,167.76,21.58
09*09*2014 03:41:19,117.21,169.85,21.5
09*09*2014 04:11:19,118.12,172.24,21.43
09*09*2014 04:41:19,119.06,174.17,21.35
09*09*2014 05:11:19,120.12,176.44,21.28
09*09*2014 05:41:19,120.98,178.84,21.22
09*09*2014 06:11:19,121.5,181.12,21.16
09*09*2014 06:41:19,122.9,183.02,21.1
09*09*2014 07:11:19,123.6,185.34,21.04
09*09*2014 07:41:19,124.78,187.83,20.98
09*09*2014 08:11:19,125.8,190.16,20.92
09*09*2014 08:41:19,127.04,192.29,20.86
09*09*2014 09:11:19,128.05,194.51,20.82
09*09*2014 09:41:19,128.56,197,20.9
09*09*2014 10:11:19,129.92,199.44,21.09
09*09*2014 10:41:19,130.97,202.05,21.15
09*09*2014 11:11:19,132.28,203.87,21.16
09*09*2014 11:41:19,133.23,206.26,21.16
09*09*2014 12:11:19,134.54,208.23,21.18
09*09*2014 12:41:19,135.83,210.89,21.19
09*09*2014 13:11:19,136.9,212.87,21.19
09*09*2014 13:41:19,138.46,216.57,21.19
09*09*2014 14:11:19,139.08,220.06,21.4
09*09*2014 14:41:19,139.25,223.14,21.79
09*09*2014 15:11:19,141.15,226.86,22.19
09*09*2014 15:41:19,142.55,229.81,22.5
09*09*2014 16:11:19,144.04,232.75,22.6
09*09*2014 16:41:19,145.11,236.92,22.59
09*09*2014 17:11:19,146.91,239.49,22.5
09*09*2014 17:41:19,148.23,242.91,22.45
09*09*2014 18:11:19,149.93,246.86,22.46
09*09*2014 18:41:19,151.41,250.65,22.51
09*09*2014 19:11:19,153.21,254.28,22.5
09*09*2014 19:41:19,154.64,258.35,22.48
09*09*2014 20:11:19,156.26,261.27,22.43
09*09*2014 20:41:19,158.35,267.33,22.33
09*09*2014 21:11:19,160.28,272.86,22.2
09*09*2014 21:41:19,162.11,278.44,22.05
09*09*2014 22:11:19,163.73,283.45,21.92
09*09*2014 22:41:19,166.1,288.95,21.8
09*09*2014 23:11:19,167.93,294.14,21.7
09*09*2014 23:41:19,170.17,299.86,21.6
10*09*2014 00:11:19,172.4,305.08,21.5
10*09*2014 00:41:19,173.88,310.88,21.41
10*09*2014 01:11:19,176.94,316.04,21.32
10*09*2014 01:41:19,178.78,321.25,21.23
10*09*2014 02:11:19,181.8,327.64,21.15
10*09*2014 02:41:19,183.96,332.64,21.08
10*09*2014 03:11:19,186.59,338.5,21.01
10*09*2014 03:41:19,188.85,343.94,20.94
10*09*2014 04:11:19,191.48,349.41,20.88
10*09*2014 04:41:19,193.72,354.47,20.83
10*09*2014 05:11:19,197.33,360.32,20.79
10*09*2014 05:41:19,199.54,365.34,20.75
10*09*2014 06:11:19,202.92,371.87,20.71
10*09*2014 06:41:19,206.17,377.56,20.67
10*09*2014 07:11:19,209.16,383.24,20.63
10*09*2014 07:41:19,212.08,389.42,20.59
10*09*2014 08:11:19,215.05,394.72,20.56
10*09*2014 08:41:19,218.94,401.36,20.53
10*09*2014 09:11:19,221.41,405.82,20.57
10*09*2014 09:41:19,224.85,411.3,20.63
10*09*2014 10:11:19,228.97,417.07,20.65
10*09*2014 10:41:19,232.74,422.93,20.67
10*09*2014 11:11:19,235.84,430.74,20.68
10*09*2014 11:41:19,239.73,436.76,20.68
10*09*2014 12:11:19,243.41,445.08,20.69
10*09*2014 12:41:19,247.33,452.39,20.71
10*09*2014 13:11:19,251.33,459.7,20.73
10*09*2014 13:41:19,255.47,467.93,20.75
10*09*2014 14:11:19,259.81,475.45,20.76
10*09*2014 14:41:19,264.13,483.52,20.77
10*09*2014 15:11:19,268.46,492.11,20.77
10*09*2014 15:41:19,271.65,500.35,20.8
10*09*2014 16:11:19,276.83,510.07,20.86
10*09*2014 16:41:19,281.72,519.65,20.88
10*09*2014 17:11:19,286.99,529.73,20.89
10*09*2014 17:41:19,291.51,540.69,20.9
10*09*2014 18:11:19,297.1,551.32,20.92
10*09*2014 18:41:19,302.32,561.8,20.96
10*09*2014 19:11:19,307.91,573.54,20.98
10*09*2014 19:41:19,313.58,584.38,20.99
10*09*2014 20:11:19,318.97,596.51,20.98
10*09*2014 20:41:19,325.44,605.61,20.97
10*09*2014 21:11:19,329.32,616.34,20.96
10*09*2014 21:41:19,337.89,628.71,20.94
10*09*2014 22:11:19,344.56,641.78,20.9
10*09*2014 22:41:19,351.51,652.05,20.86
10*09*2014 23:11:19,358.34,664.5,20.82
10*09*2014 23:41:19,364.63,675.93,20.77
11*09*2014 00:11:19,372.82,688.1,20.73
11*09*2014 00:41:19,380.17,699.53,20.7
11*09*2014 01:11:19,387.25,712.18,20.66
11*09*2014 01:41:19,395.63,724.12,20.63
11*09*2014 02:11:19,404,737.78,20.59
11*09*2014 02:41:19,411.91,749.51,20.55
11*09*2014 03:11:19,420.17,762.45,20.5
11*09*2014 03:41:19,428.82,773.79,20.46
11*09*2014 04:11:19,437.49,786.37,20.42
11*09*2014 04:41:19,446.38,799.22,20.38
11*09*2014 05:11:19,455.75,811.91,20.33
11*09*2014 05:41:19,464.89,824.34,20.28
11*09*2014 06:11:19,474.53,837.43,20.22
11*09*2014 06:41:19,484.3,848.35,20.17
11*09*2014 07:11:19,493.86,862.65,20.11
11*09*2014 07:41:19,504.06,875.6,20.05
11*09*2014 08:11:19,514.19,887.9,20
11*09*2014 08:41:19,524.37,900.95,19.95
11*09*2014 09:11:19,534.33,913.6,19.92
11*09*2014 09:41:19,542.39,923.83,19.97
11*09*2014 10:11:19,553.44,938.79,20
11*09*2014 10:41:19,563.79,946.31,20
11*09*2014 11:11:19,574.44,948.18,20.04
11*09*2014 11:41:19,584.94,961.69,20.09
11*09*2014 12:11:19,595.03,972.56,20.15
11*09*2014 12:41:19,604.98,983.91,20.2
11*09*2014 13:11:19,615.9,997.88,20.26
11*09*2014 13:41:19,626.95,1007.47,20.32
11*09*2014 14:11:19,637.59,1020.72,20.37
11*09*2014 14:41:19,648.42,1031.35,20.41
11*09*2014 15:11:19,659.42,1041.34,20.46
11*09*2014 15:41:19,668.65,1057.33,20.57
11*09*2014 16:11:19,680.17,1063.75,20.68
11*09*2014 16:41:19,691.63,1079.02,20.74
11*09*2014 17:11:19,704.67,1095.38,20.78
11*09*2014 17:41:19,716.3,1111.92,20.83
11*09*2014 18:11:19,727.57,1126.94,20.9
11*09*2014 18:41:19,739.16,1140.19,21
11*09*2014 19:11:19,750.61,1157.49,21.15
11*09*2014 19:41:19,762.23,1171.52,21.26
11*09*2014 20:11:19,774.97,1185.48,21.33
11*09*2014 20:41:19,786.86,1195.84,21.36
11*09*2014 21:11:19,799.55,1200.35,21.36
11*09*2014 21:41:19,812.5,1219.02,21.34
11*09*2014 22:11:19,825.25,1226.04,21.31
11*09*2014 22:41:19,838.47,1249.01,21.26
11*09*2014 23:11:19,851.9,1271.48,21.2
11*09*2014 23:41:19,865.25,1293.65,21.13
12*09*2014 00:11:19,878.85,1310.92,21.06
12*09*2014 00:41:19,893.06,1330.78,20.99
12*09*2014 01:11:19,907.08,1350.16,20.94
12*09*2014 01:41:19,921.35,1370.88,20.88
12*09*2014 02:11:19,935.31,1389.65,20.83
12*09*2014 02:41:19,949.82,1408.76,20.78
12*09*2014 03:11:19,964.34,1429.78,20.73
12*09*2014 03:41:19,979.35,1450.23,20.67
12*09*2014 04:11:19,994.52,1473.28,20.61
12*09*2014 04:41:19,1009.66,1493.86,20.55
12*09*2014 05:11:19,1024.87,1516.82,20.49
12*09*2014 05:41:19,1040.76,1537.83,20.43
12*09*2014 06:11:19,1055.38,1560.48,20.38
12*09*2014 06:41:19,1071.35,1581.42,20.33
12*09*2014 07:11:19,1087.87,974.65,20.28
12*09*2014 07:41:19,1103.38,981.36,20.23
12*09*2014 08:11:19,1119.05,970.58,20.19
12*09*2014 08:41:19,1134.78,960.7,20.15
12*09*2014 09:11:19,1146.86,957.27,20.13
12*09*2014 09:41:19,1162.21,956.39,20.28
12*09*2014 10:11:19,1178.21,952.6,20.33
12*09*2014 10:41:19,1197.27,949.09,20.35
12*09*2014 11:11:19,1214.35,944.2,20.35
12*09*2014 11:41:19,1230.94,939.44,20.35
12*09*2014 12:11:19,1247.54,934.85,20.37
12*09*2014 12:41:19,1264.46,930.43,20.39
12*09*2014 13:11:19,1280.98,926.26,20.42
12*09*2014 13:41:19,1298.26,922.28,20.44
12*09*2014 14:11:19,1315.65,918.41,20.47
12*09*2014 14:41:19,1328.46,912.49,20.56
12*09*2014 15:11:19,1346.35,908.86,20.63
12*09*2014 15:41:19,1363.52,905.17,20.67
12*09*2014 16:11:19,1384.25,903.45,20.7
12*09*2014 16:41:19,1401.77,899.87,20.73
12*09*2014 17:11:19,1419.06,896.4,20.78
12*09*2014 17:41:19,1436.33,892.97,20.88
12*09*2014 18:11:19,1452.71,889.54,21.04
12*09*2014 18:41:19,1468.48,885.9,21.26
12*09*2014 19:11:19,1480.79,881.8,21.75
12*09*2014 19:41:19,1502.57,878.76,21.95
12*09*2014 20:11:19,1522.44,875.87,22
12*09*2014 20:41:19,1543.3,873.33,21.98
12*09*2014 21:11:19,1564.02,870.87,21.94
12*09*2014 21:41:19,1583.42,868.2,21.88
12*09*2014 22:11:19,1604.64,865.62,21.82
12*09*2014 22:41:19,1624.78,863.16,21.75
12*09*2014 23:11:19,1645.89,860.76,21.67
12*09*2014 23:41:19,1666.75,858.29,21.6
13*09*2014 00:11:19,1687.19,855.88,21.52
13*09*2014 00:41:19,1708.03,853.49,21.44
13*09*2014 01:11:19,1728.57,851.08,21.38
13*09*2014 01:41:19,1749.14,848.82,21.34
13*09*2014 02:11:19,1769.61,846.45,21.3
13*09*2014 02:41:19,1790.95,844,21.26
13*09*2014 03:11:19,1811.75,841.62,21.22
13*09*2014 03:41:19,1832.49,839.32,21.18
13*09*2014 04:11:19,1853.41,836.97,21.15
13*09*2014 04:41:19,1874.94,834.61,21.12
13*09*2014 05:11:19,1896.09,832.46,21.08
13*09*2014 05:41:19,1918.08,830.44,21.04
13*09*2014 06:11:19,1939.72,828.35,21.01
13*09*2014 06:41:19,984.36,826.25,20.96
13*09*2014 07:11:19,987.5,824.16,20.93
13*09*2014 07:41:19,966.89,822.31,20.89
13*09*2014 08:11:19,954.15,820.31,20.86
13*09*2014 08:41:19,946.22,818.22,20.83
13*09*2014 09:11:19,940.87,816.41,20.81
13*09*2014 09:41:19,936.94,814.5,20.79
13*09*2014 10:11:19,933.99,812.59,20.78
13*09*2014 10:41:19,928.23,810.47,20.77
13*09*2014 11:11:19,922.17,808.53,20.77
13*09*2014 11:41:19,916.39,806.5,20.79
13*09*2014 12:11:19,910.95,804.4,20.83
13*09*2014 12:41:19,905.73,802.26,20.89
13*09*2014 13:11:19,900.61,799.95,20.94
13*09*2014 13:41:19,895.72,797.71,20.99
13*09*2014 14:11:19,891.05,795.49,21.04
13*09*2014 14:41:19,886.41,793.22,21.08
13*09*2014 15:11:19,882.06,791.1,21.12
13*09*2014 15:41:19,877.83,789.01,21.15
13*09*2014 16:11:19,873.73,786.94,21.19
13*09*2014 16:41:19,869.6,784.75,21.24
13*09*2014 17:11:19,865.68,782.67,21.31
13*09*2014 17:41:19,861.76,780.46,21.43
13*09*2014 18:11:19,857.85,778.21,21.55
13*09*2014 18:41:19,854.11,776.09,21.66
13*09*2014 19:11:19,850.41,774.01,21.83
13*09*2014 19:41:19,846.98,772.15,21.87
13*09*2014 20:11:19,843.78,770.59,21.87
13*09*2014 20:41:19,840.69,769.08,21.86
13*09*2014 21:11:19,837.63,767.56,21.84
13*09*2014 21:41:19,834.46,765.87,21.82
13*09*2014 22:11:19,831.28,764.22,21.78
13*09*2014 22:41:19,828.17,762.56,21.75
13*09*2014 23:11:19,825.13,760.97,21.69
13*09*2014 23:41:19,822.09,759.3,21.65
14*09*2014 00:11:19,819.22,757.78,21.59
14*09*2014 00:41:19,816.35,756.2,21.55
14*09*2014 01:11:19,813.45,754.59,21.5
14*09*2014 01:41:19,810.39,752.79,21.47
14*09*2014 02:11:19,807.48,751.1,21.43
14*09*2014 02:41:19,804.59,749.4,21.4
14*09*2014 03:11:19,801.68,747.63,21.36
14*09*2014 03:41:19,799.06,746.18,21.33
14*09*2014 04:11:19,796.48,744.71,21.29
14*09*2014 04:41:19,793.8,743.16,21.25
14*09*2014 05:11:19,791.1,741.55,21.22
14*09*2014 05:41:19,788.49,740,21.2
14*09*2014 06:11:19,785.78,738.37,21.17
14*09*2014 06:41:19,783.17,736.82,21.15
14*09*2014 07:11:19,780.7,735.38,21.12
14*09*2014 07:41:19,778.33,734,21.09
14*09*2014 08:11:19,775.91,732.58,21.07
14*09*2014 08:41:19,773.43,731.1,21.05
14*09*2014 09:11:19,771.05,729.7,21.03
14*09*2014 09:41:19,768.52,728.15,21.01
14*09*2014 10:11:19,766.18,726.74,21
14*09*2014 10:41:19,763.89,725.36,20.99
14*09*2014 11:11:19,761.54,723.96,20.99
14*09*2014 11:41:19,759.12,722.46,20.99
14*09*2014 12:11:19,756.59,720.83,21
14*09*2014 12:41:19,754.04,719.14,21.02
14*09*2014 13:11:19,751.41,717.35,21.07
14*09*2014 13:41:19,748.8,715.59,21.11
14*09*2014 14:11:19,746.24,713.83,21.16
14*09*2014 14:41:19,743.74,712.22,21.2
14*09*2014 15:11:19,741.05,710.31,21.24
14*09*2014 15:41:19,738.51,708.69,21.27
14*09*2014 16:11:19,736.04,707.09,21.31
14*09*2014 16:41:19,733.52,705.45,21.34
14*09*2014 17:11:19,731.01,703.77,21.39
14*09*2014 17:41:19,728.56,702.19,21.43
14*09*2014 18:11:19,726.05,700.55,21.5
14*09*2014 18:41:19,723.67,699.02,21.56
14*09*2014 19:11:19,720.89,697.11,21.75
14*09*2014 19:41:19,718.84,695.82,21.81
14*09*2014 20:11:19,716.7,694.51,21.8
14*09*2014 20:41:19,714.79,693.5,21.77
14*09*2014 21:11:19,712.78,692.39,21.75
14*09*2014 21:41:19,710.77,691.24,21.71
14*09*2014 22:11:19,708.82,690.22,21.68
14*09*2014 22:41:19,706.75,689.02,21.63
14*09*2014 23:11:19,704.79,688,21.59
14*09*2014 23:41:19,702.87,686.91,21.54
15*09*2014 00:11:19,700.92,685.81,21.49
15*09*2014 00:41:19,698.79,684.47,21.46
15*09*2014 01:11:19,696.89,683.39,21.43
15*09*2014 01:41:19,695,682.24,21.4
15*09*2014 02:11:19,693.06,681.06,21.37
15*09*2014 02:41:19,691.11,679.73,21.34
15*09*2014 03:11:19,689.12,677.64,21.31
15*09*2014 03:41:19,687.19,670.47,21.28
15*09*2014 04:11:19,685.32,652.98,21.25
15*09*2014 04:41:19,683.4,617.78,21.21
15*09*2014 05:11:19,681.56,552.11,21.17
15*09*2014 05:41:19,679.72,415.86,21.13
15*09*2014 06:11:19,677.88,225.64,21.1
15*09*2014 06:41:19,675.87,66.85,21.07
15*09*2014 07:11:19,674.2,10.13,21.04
15*09*2014 07:41:19,672.63,2.18,21.02
15*09*2014 08:11:19,670.98,1.38,21
15*09*2014 08:41:19,669.23,1.18,20.98
15*09*2014 09:11:19,667.56,1.03,20.97
15*09*2014 09:41:19,664.45,1.08,21.05
15*09*2014 10:11:19,662.91,1,21.09
15*09*2014 10:41:19,661.35,0.99,21.11
15*09*2014 11:11:19,659.62,0.89,21.11
15*09*2014 11:41:19,657.87,0.86,21.11
15*09*2014 12:11:19,655.98,0.82,21.12
15*09*2014 12:41:19,653.94,0.83,21.13
15*09*2014 13:11:19,652.09,0.78,21.14
15*09*2014 13:41:19,650.18,0.78,21.17
15*09*2014 14:11:19,648.19,0.8,21.2
15*09*2014 14:41:19,646.41,0.76,21.24
15*09*2014 15:11:19,644.45,0.75,21.28
15*09*2014 15:41:19,642.34,0.72,21.32
15*09*2014 16:11:19,640.49,0.74,21.42
15*09*2014 16:41:19,638.63,0.74,21.48
15*09*2014 17:11:19,636.63,0.73,21.54
15*09*2014 17:41:19,634.68,0.74,21.59
15*09*2014 18:11:19,632.61,0.72,21.66
15*09*2014 18:41:19,630.62,0.73,21.73
15*09*2014 19:11:19,628.56,0.74,21.81
15*09*2014 19:41:19,622.58,0.73,21.88
15*09*2014 20:11:19,614.78,0.72,21.94
15*09*2014 20:41:19,606.21,0.72,21.99
15*09*2014 21:11:19,596.77,0.73,22.01
15*09*2014 21:41:19,586.63,0.72,22.03
15*09*2014 22:11:19,577.42,0.6,22.03
15*09*2014 22:41:19,566.57,0.58,22.03
15*09*2014 23:11:19,555.45,0.58,22.01
15*09*2014 23:41:19,544.09,0.58,21.99
16*09*2014 00:11:19,531.97,0.58,21.97
16*09*2014 00:41:19,518.31,0.58,21.94
16*09*2014 01:11:19,503.35,0.57,21.91
16*09*2014 01:41:19,488.16,0.57,21.88
16*09*2014 02:11:19,472.04,0.56,21.87
16*09*2014 02:41:19,451.85,0.56,21.85
16*09*2014 03:11:19,429,0.57,21.83
16*09*2014 03:41:19,405.61,0.56,21.81
16*09*2014 04:11:19,380.83,0.56,21.79
16*09*2014 04:41:19,356.03,0.55,21.78
16*09*2014 05:11:19,328.88,0.56,21.76
16*09*2014 05:41:19,293.32,0.55,21.74
16*09*2014 06:11:19,239.25,0.55,21.72
16*09*2014 06:41:19,171,0.55,21.71
16*09*2014 07:11:19,112.13,0.55,21.69
16*09*2014 07:41:19,65.06,0.55,21.67
16*09*2014 08:11:19,32.86,0.55,21.65
16*09*2014 08:41:19,15.12,0.54,21.63
16*09*2014 09:11:19,7.49,0.54,21.61
16*09*2014 09:41:19,4.32,0.67,21.66
16*09*2014 10:11:19,3.13,0.67,21.69
16*09*2014 10:41:19,2.28,0.66,21.77
16*09*2014 11:11:19,1.84,0.66,21.89
16*09*2014 11:41:19,1.43,0.66,22
16*09*2014 12:11:19,1.32,0.66,22.27
16*09*2014 12:41:19,1.34,0.67,22.38
16*09*2014 13:11:19,1.31,0.66,22.34
16*09*2014 13:41:19,1.21,0.66,22.25
16*09*2014 14:11:19,1.14,0.66,22.2
16*09*2014 14:41:19,1.1,0.66,22.13
16*09*2014 15:11:19,0.94,0.52,22.11
16*09*2014 15:41:19,0.91,0.52,22.08
16*09*2014 16:11:19,1,0.66,22.12
16*09*2014 16:41:19,0.98,0.66,22.29
16*09*2014 17:11:19,0.85,0.52,22.4
16*09*2014 17:41:19,0.83,0.53,22.53
16*09*2014 18:11:19,0.83,0.53,22.69
16*09*2014 18:41:19,0.83,0.54,22.9
16*09*2014 19:11:19,0.85,0.54,23.15
16*09*2014 19:41:19,0.85,0.54,23.25
16*09*2014 20:11:19,0.86,0.54,23.26
16*09*2014 20:41:19,0.85,0.53,23.21
16*09*2014 21:11:19,0.85,0.53,23.12
16*09*2014 21:41:19,0.85,0.53,23.02
16*09*2014 22:11:19,0.83,0.53,22.94
16*09*2014 22:41:19,0.83,0.51,22.84
16*09*2014 23:11:19,0.83,0.52,22.76
16*09*2014 23:41:19,0.82,0.51,22.68
17*09*2014 00:11:19,0.81,0.51,22.61
17*09*2014 00:41:19,0.8,0.51,22.55
17*09*2014 01:11:19,0.8,0.5,22.49
17*09*2014 01:41:19,0.8,0.5,22.45
17*09*2014 02:11:19,0.8,0.5,22.4
17*09*2014 02:41:19,0.8,0.5,22.36
17*09*2014 03:11:19,0.79,0.5,22.32
17*09*2014 03:41:19,0.79,0.5,22.28
17*09*2014 04:11:19,0.79,0.49,22.24
17*09*2014 04:41:19,0.78,0.49,22.2
17*09*2014 05:11:19,0.79,0.49,22.15
17*09*2014 05:41:19,0.78,0.49,22.12
17*09*2014 06:11:19,0.78,0.49,22.07
17*09*2014 06:41:19,0.78,0.49,22.04
17*09*2014 07:11:19,0.78,0.48,22
17*09*2014 07:41:19,0.77,0.49,21.96
17*09*2014 08:11:19,0.77,0.48,21.91
17*09*2014 08:41:19,0.78,0.49,21.88
17*09*2014 09:11:19,0.77,0.48,21.86
17*09*2014 09:41:19,0.77,0.47,21.86
17*09*2014 10:11:19,0.92,0.63,21.85
17*09*2014 10:41:19,0.9,0.61,21.95
17*09*2014 11:11:19,0.9,0.61,22
17*09*2014 11:41:19,0.9,0.62,22.04
17*09*2014 12:11:19,0.9,0.62,22.08
17*09*2014 12:41:19,0.9,0.61,22.11
17*09*2014 13:11:19,0.91,0.63,22.15
17*09*2014 13:41:19,0.9,0.64,22.18
17*09*2014 14:11:19,0.91,0.63,22.45
Date / Time,Gross weight [g],Net weight [g],Weight change [g]
03*09*2014 14:42:43,1020,469,0
04*09*2014 09:00:56,1014.91,463.91,-5.09
04*09*2014 13:18:57,1014,463,-6
04*09*2014 16:15:16,1013.35,462.35,-6.65
05*09*2014 09:12:45,1010.09,459.09,-9.91
05*09*2014 13:25:09,1009.2,458.2,-10.8
05*09*2014 16:10:03,1008.65,457.65,-11.35
08*09*2014 08:51:45,996.37,445.37,-23.63
08*09*2014 14:57:40,995.09,444.09,-24.91
09*09*2014 09:23:30,989.67,438.67,-30.33
09*09*2014 16:14:55,987.78,436.78,-32.22
10*09*2014 08:54:44,982.98,431.98,-37.02
10*09*2014 15:28:28,981.32,430.32,-38.68
11*09*2014 09:18:58,976.62,425.62,-43.38
11*09*2014 15:21:51,975.45,424.45,-44.55
12*09*2014 09:02:53,971.83,420.83,-48.17
12*09*2014 14:21:04,970.74,419.74,-49.26
15*09*2014 09:17:50,958.77,407.77,-61.23
15*09*2014 15:33:44,957.9,406.9,-62.1
16*09*2014 09:22:11,955.33,404.33,-64.67
16*09*2014 16:10:27,954.4,403.4,-65.6
17*09*2014 10:10:41,952.31,401.31,-67.69
17*09*2014 14:19:46,951.9,400.9,-68.1
Date / Time,Tension bottom [hPa],Tension top [hPa],Net weight [g]
03*09*2014 14:41:19,-3.38079988956451,-0.528299808502197,469.00774690002
03*09*2014 14:42:35,-3.34097078771991,-0.527749360586285,469.000700721003
03*09*2014 14:46:25,-3.08521325118555,-0.342222910230529,468.979580888254
03*09*2014 14:52:47,-2.93884182898743,-0.350310379113471,468.944443416822
03*09*2014 15:01:41,-2.76965188281022,-0.185002652129174,468.895381338974
03*09*2014 15:13:09,-2.64407356848198,-0.00109595635385144,468.832524214948
03*09*2014 15:27:09,-2.22695875417251,0.310547887121775,468.756037448039
03*09*2014 15:43:43,-1.9501633107448,0.677537930106047,468.666121403966
03*09*2014 16:02:49,-1.39466216385594,1.22873913939575,468.563010334565
03*09*2014 16:24:27,-0.774729808611881,1.80237897583949,468.446971105776
03*09*2014 16:48:39,-0.114928385678829,2.39783223888177,468.318301729944
03*09*2014 17:15:23,0.627146092025018,3.04959814571798,468.177329702421
03*09*2014 17:44:41,1.02373656734401,3.65191390682089,468.02441014248
03*09*2014 18:16:31,1.85086531758894,4.51481579295836,467.859923738527
03*09*2014 18:50:53,2.57557127246242,5.27589268865943,467.68427449763
03*09*2014 19:27:49,3.44292897572508,6.09069989801432,467.497887299344
03*09*2014 20:07:17,5.26061333025446,7.87574427068482,467.301205253852
03*09*2014 20:49:19,7.21294783897272,9.7972163179469,467.094686864406
03*09*2014 21:33:53,9.12074723849741,11.722441348618,466.878802994072
03*09*2014 22:20:59,9.68564743904418,12.3724414442624,466.654033636792
03*09*2014 23:10:39,7.70465574295254,10.400178053305,466.420864492744
04*09*2014 00:02:51,12.5932450866248,15.236986177058,466.179783348006
04*09*2014 00:57:37,8.19548712878332,10.9236337592543,465.931276258536
04*09*2014 01:54:55,6.5789706641342,9.62402277909314,465.675823538453
04*09*2014 02:54:46,8.92125305679203,11.8231255369713,465.413895552618
04*09*2014 03:57:09,10.8051625070715,13.5576118023228,465.145948313537
04*09*2014 05:02:06,12.880946950261,15.6853841275894,464.872418882554
04*09*2014 06:09:35,14.7246258204434,17.5481431867231,464.593720575362
04*09*2014 07:19:37,16.740832858365,19.5767863276993,464.310237971813
04*09*2014 08:32:12,18.8808075777868,21.7046313301252,464.022321730041
04*09*2014 09:47:19,20.6041422757531,23.4361656538335,463.735342242487
04*09*2014 11:05:00,22.7118961484973,25.4757972522472,463.462584633503
04*09*2014 12:25:13,24.2064966219662,27.1341125549441,463.18897227849
04*09*2014 13:47:59,26.072847959504,29.0499385200043,462.893660270344
04*09*2014 15:13:18,28.8354027907572,31.7894651226356,462.574263868864
04*09*2014 16:41:09,31.0561040567291,33.9787880418936,462.260217335362
04*09*2014 18:11:34,33.7062199086037,36.6185376053814,461.953862834108
04*09*2014 19:44:31,36.0383182087351,38.9544230894311,461.648725642584
04*09*2014 21:20:01,38.0497530000467,40.919452676243,461.343358634043
04*09*2014 22:58:04,39.7817684668886,42.7041639577308,461.035964389058
05*09*2014 00:38:39,41.8974704543569,44.9273343998236,460.724370008054
05*09*2014 02:21:48,43.9776901324493,46.9547625435998,460.406001252179
05*09*2014 04:07:29,45.8611409178007,48.8705734422593,460.077856012514
05*09*2014 05:55:43,47.4169247219382,50.5497073753629,459.736477107608
05*09*2014 07:46:30,49.1741636544412,52.328783186452,459.377924409356
05*09*2014 09:39:50,50.5194048117386,53.7286821764515,458.997204139793
05*09*2014 11:35:42,52.2634783542276,55.733768003691,458.585886868509
05*09*2014 13:34:07,53.7393433368216,57.0569070420374,458.169307516182
05*09*2014 15:35:05,55.6026409759854,59.0045655911669,457.764771428635
05*09*2014 17:38:36,56.8681462737919,60.4929824531089,457.360991558451
05*09*2014 19:44:40,58.2213259246768,61.9550210713236,456.95233531138
05*09*2014 21:53:16,59.363523595602,63.2955631775556,456.53856786386
06*09*2014 00:04:25,60.5123665206619,64.6787209200232,456.119602802721
06*09*2014 02:18:08,61.5363486991252,66.0069993843882,455.695324767795
06*09*2014 04:34:22,62.4197740465198,67.2747760907045,455.265587849806
06*09*2014 06:53:10,63.5292468793682,68.5327693350817,454.830213957156
06*09*2014 09:14:30,64.4291819052251,69.6773554715659,454.388991151593
06*09*2014 11:38:24,65.2167171629058,71.0824513975853,453.941671952782
06*09*2014 14:04:50,66.3849996427342,72.1453838569941,453.487971611756
06*09*2014 16:33:49,67.3728162069282,74.0268287839754,453.027566353263
06*09*2014 19:05:20,68.3502547161362,75.8793023980577,452.560091587008
06*09*2014 21:39:25,69.2300065137259,77.6198100047631,452.08514008778
07*09*2014 00:16:02,70.8770940560024,79.138733860167,451.602260144468
07*09*2014 02:55:12,72.2781929697729,81.5810953048602,451.110953677979
07*09*2014 05:36:55,73.5920007233552,84.4395490967081,450.610674328036
07*09*2014 08:21:10,75.423217837594,87.5300785004047,450.100825508874
07*09*2014 11:07:59,77.0472701558631,90.4044736461626,449.580758433821
07*09*2014 13:57:20,78.9453104911444,92.3861359421741,449.049770108777
07*09*2014 16:49:14,80.7424917730583,95.8084992248844,448.50710129458
07*09*2014 19:43:41,82.8224713338749,99.7984835724393,447.951934438263
07*09*2014 22:40:41,85.0515436259016,103.453080035808,447.383391573202
08*09*2014 01:40:13,87.6533052443314,106.433639377472,446.80053218816
08*09*2014 04:42:18,90.1890428227391,110.181720510663,446.202351065212
08*09*2014 07:46:56,92.925147272189,114.462577541511,445.587776086572
08*09*2014 10:54:07,95.7480607449388,119.636985839749,444.961815982574
08*09*2014 14:03:51,98.8113500627543,124.644316745335,444.297671390203
08*09*2014 17:16:07,101.876469519886,131.399914309472,443.507179816017
08*09*2014 20:30:57,105.431375755952,141.042530374918,442.595010230143
08*09*2014 23:48:19,110.59711195718,153.300076844732,441.598525629644
09*09*2014 03:08:14,116.141791497061,167.529372169564,440.557680005216
09*09*2014 06:30:41,122.420190301735,182.334683657215,439.515702523449
09*09*2014 09:55:42,129.151697772104,198.164681361532,438.518768981819
09*09*2014 13:23:15,137.541969638199,214.192286927624,437.568373811328
09*09*2014 16:53:21,145.792160177124,238.005357021545,436.599196002906
09*09*2014 20:26:00,157.258523684987,264.001244602667,435.574781615414
10*09*2014 00:01:12,171.713915666715,303.29768430999,434.516398806454
10*09*2014 03:38:56,188.659295905654,343.51004727201,433.452084546068
10*09*2014 07:19:13,209.932430007635,384.857387259249,432.411912453029
10*09*2014 11:02:03,234.850634639347,428.40694875288,431.431669607408
10*09*2014 14:47:26,265.033883437962,485.245834455911,430.494402402847
10*09*2014 18:35:22,301.26668141709,559.64963636542,429.491801364084
10*09*2014 22:25:50,347.912847745789,646.793358526285,428.427496935078
11*09*2014 02:18:52,406.011975910328,740.830247253845,427.356151487332
11*09*2014 06:14:26,475.538568279988,838.632976141434,426.336256129456
11*09*2014 10:12:33,553.875154384964,939.200316309834,425.432051515626
11*09*2014 14:13:12,638.265380827073,1021.45658533183,424.6705138251
11*09*2014 18:16:25,729.520808907522,1129.24762875951,423.868259918792
11*09*2014 22:22:10,829.986883932963,1232.57066909907,423.033933445485
12*09*2014 02:30:28,944.548297040881,1401.70330245699,422.180316270461
12*09*2014 06:41:19,1071.34916102886,1581.42165613174,421.315664154246
15*09*2014 03:41:19,5862.58151063098,8800.00019073486,408.635286539669
pF [-],Water Content [Vol%],Weight [-]
-2,36.22,
-0.07,36.16,
0.229,36.11,
0.393,36.04,
0.526,35.97,
0.625,35.9,
0.75,35.82,
0.879,35.74,
0.98,35.66,
1.035,35.57,
1.006,35.48,
1.065,35.38,
1.075,35.28,
0.948,35.18,
0.968,35.08,
1.057,34.97,
1.128,34.86,
1.189,34.75,
1.241,34.64,
1.291,34.53,
1.333,34.41,
1.37,34.3,
1.404,34.19,
1.433,34.07,
1.469,33.95,
1.505,33.82,
1.537,33.7,
1.568,33.58,
1.593,33.45,
1.614,33.33,
1.635,33.21,
1.656,33.08,
1.675,32.95,
1.691,32.82,
1.706,32.67,
1.719,32.53,
1.733,32.37,
1.746,32.2,
1.759,32.04,
1.772,31.87,
1.782,31.71,
1.791,31.55,
1.8,31.38,
1.809,31.21,
1.816,31.04,
1.824,30.86,
1.831,30.69,
1.838,30.51,
1.845,30.33,
1.853,30.14,
1.862,29.96,
1.87,29.77,
1.878,29.58,
1.888,29.38,
1.899,29.18,
1.912,28.98,
1.924,28.77,
1.935,28.56,
1.946,28.35,
1.96,28.13,
1.974,27.9,
1.987,27.67,
2,27.43,
2.014,27.19,
2.03,26.94,
2.046,26.68,
2.063,26.39,
2.083,26.05,
2.109,25.66,
2.138,25.25,
2.168,24.83,
2.198,24.43,
2.228,24.03,
2.261,23.65,
2.298,23.25,
2.343,22.83,
2.391,22.4,
2.439,21.98,
2.486,21.58,
2.537,21.19,
2.593,20.8,
2.654,20.39,
2.717,19.96,
2.779,19.54,
2.839,19.15,
2.892,18.82,
2.942,18.5,
2.99,18.17,
3.042,17.84,
3.097,17.49,
3.841,12.4,
pF [-],log 10 K [cm/d],Weight [-]
1.853,-1.53,
1.862,-1.63,
1.87,-1.7,
1.878,-1.73,
1.888,-1.76,
1.899,-1.84,
1.912,-1.91,
1.924,-1.97,
1.935,-1.99,
1.946,-2.02,
1.96,-2.08,
1.974,-2.13,
1.987,-2.15,
2,-2.16,
2.014,-2.19,
2.03,-2.23,
2.046,-2.26,
2.063,-2.24,
2.083,-2.26,
2.109,-2.31,
2.138,-2.38,
2.168,-2.46,
2.198,-2.56,
2.228,-2.64,
2.261,-2.7,
2.298,-2.75,
2.343,-2.83,
2.391,-2.91,
2.439,-2.99,
2.486,-3.07,
2.537,-3.14,
2.593,-3.18,
2.654,-3.23,
2.717,-3.29,
2.779,-3.35,
2.839,-3.44,
2.892,-3.53,
2.942,-3.52,
2.99,-3.52,
3.042,-3.54,
3.097,-3.6,
3.841,-4.47,
-1,2.15,1
-1,1.37,1
-1,1.62,1
-1,1.49,1
-1,1.8,1
-1,1.81,1
Water Content [Vol%],log 10 K [cm/d]
30.14,-1.53
29.96,-1.63
29.77,-1.7
29.58,-1.73
29.38,-1.76
29.18,-1.84
28.98,-1.91
28.77,-1.97
28.56,-1.99
28.35,-2.02
28.13,-2.08
27.9,-2.13
27.67,-2.15
27.43,-2.16
27.19,-2.19
26.94,-2.23
26.68,-2.26
26.39,-2.24
26.05,-2.26
25.66,-2.31
25.25,-2.38
24.83,-2.46
24.43,-2.56
24.03,-2.64
23.65,-2.7
23.25,-2.75
22.83,-2.83
22.4,-2.91
21.98,-2.99
21.58,-3.07
21.19,-3.14
20.8,-3.18
20.39,-3.23
19.96,-3.29
19.54,-3.35
19.15,-3.44
18.82,-3.53
18.5,-3.52
18.17,-3.52
17.84,-3.54
17.49,-3.6
12.4,-4.47
pF [-],Water Content [Vol%]
-3,36.21
-2.98,36.21
-2.96,36.21
-2.94,36.21
-2.92,36.21
-2.9,36.21
-2.88,36.21
-2.86,36.21
-2.84,36.21
-2.82,36.21
-2.8,36.21
-2.78,36.21
-2.76,36.21
-2.739,36.21
-2.719,36.21
-2.699,36.21
-2.679,36.21
-2.659,36.21
-2.639,36.21
-2.619,36.21
-2.599,36.21
-2.579,36.21
-2.559,36.21
-2.539,36.21
-2.519,36.21
-2.499,36.21
-2.479,36.21
-2.459,36.21
-2.439,36.21
-2.419,36.21
-2.399,36.21
-2.379,36.21
-2.359,36.21
-2.339,36.21
-2.319,36.21
-2.299,36.21
-2.279,36.21
-2.259,36.21
-2.238,36.21
-2.218,36.21
-2.198,36.21
-2.178,36.21
-2.158,36.21
-2.138,36.21
-2.118,36.21
-2.098,36.21
-2.078,36.21
-2.058,36.21
-2.038,36.21
-2.018,36.21
-1.998,36.21
-1.978,36.21
-1.958,36.21
-1.938,36.21
-1.918,36.21
-1.898,36.21
-1.878,36.21
-1.858,36.21
-1.838,36.21
-1.818,36.21
-1.798,36.21
-1.778,36.21
-1.758,36.21
-1.737,36.21
-1.717,36.21
-1.697,36.21
-1.677,36.21
-1.657,36.21
-1.637,36.21
-1.617,36.21
-1.597,36.21
-1.577,36.21
-1.557,36.21
-1.537,36.21
-1.517,36.21
-1.497,36.21
-1.477,36.21
-1.457,36.21
-1.437,36.21
-1.417,36.21
-1.397,36.21
-1.377,36.21
-1.357,36.21
-1.337,36.21
-1.317,36.21
-1.297,36.21
-1.277,36.21
-1.257,36.21
-1.236,36.21
-1.216,36.21
-1.196,36.21
-1.176,36.21
-1.156,36.21
-1.136,36.21
-1.116,36.21
-1.096,36.21
-1.076,36.21
-1.056,36.21
-1.036,36.21
-1.016,36.21
-0.996,36.21
-0.976,36.21
-0.956,36.21
-0.936,36.21
-0.916,36.21
-0.896,36.21
-0.876,36.21
-0.856,36.21
-0.836,36.21
-0.816,36.21
-0.796,36.21
-0.776,36.21
-0.756,36.21
-0.735,36.21
-0.715,36.21
-0.695,36.21
-0.675,36.21
-0.655,36.21
-0.635,36.21
-0.615,36.2
-0.595,36.2
-0.575,36.2
-0.555,36.2
-0.535,36.2
-0.515,36.2
-0.495,36.2
-0.475,36.2
-0.455,36.2
-0.435,36.2
-0.415,36.2
-0.395,36.2
-0.375,36.2
-0.355,36.2
-0.335,36.2
-0.315,36.2
-0.295,36.2
-0.275,36.2
-0.255,36.2
-0.234,36.2
-0.214,36.19
-0.194,36.19
-0.174,36.19
-0.154,36.19
-0.134,36.19
-0.114,36.19
-0.094,36.19
-0.074,36.19
-0.054,36.18
-0.034,36.18
-0.014,36.18
0.006,36.18
0.026,36.18
0.046,36.18
0.066,36.17
0.086,36.17
0.106,36.17
0.126,36.17
0.146,36.16
0.166,36.16
0.186,36.16
0.206,36.15
0.226,36.15
0.246,36.15
0.267,36.14
0.287,36.14
0.307,36.13
0.327,36.13
0.347,36.12
0.367,36.12
0.387,36.11
0.407,36.11
0.427,36.1
0.447,36.09
0.467,36.09
0.487,36.08
0.507,36.07
0.527,36.06
0.547,36.05
0.567,36.04
0.587,36.03
0.607,36.02
0.627,36.01
0.647,36
0.667,35.98
0.687,35.97
0.707,35.95
0.727,35.94
0.747,35.92
0.768,35.9
0.788,35.88
0.808,35.86
0.828,35.84
0.848,35.82
0.868,35.79
0.888,35.77
0.908,35.74
0.928,35.71
0.948,35.68
0.968,35.65
0.988,35.62
1.008,35.58
1.028,35.54
1.048,35.5
1.068,35.46
1.088,35.42
1.108,35.37
1.128,35.32
1.148,35.27
1.168,35.21
1.188,35.16
1.208,35.1
1.228,35.03
1.248,34.97
1.269,34.9
1.289,34.82
1.309,34.75
1.329,34.67
1.349,34.58
1.369,34.49
1.389,34.4
1.409,34.31
1.429,34.21
1.449,34.1
1.469,33.99
1.489,33.88
1.509,33.76
1.529,33.64
1.549,33.52
1.569,33.38
1.589,33.24
1.609,33.1
1.629,32.94
1.649,32.78
1.669,32.6
1.689,32.41
1.709,32.21
1.729,31.98
1.749,31.73
1.77,31.45
1.79,31.13
1.81,30.78
1.83,30.39
1.85,29.97
1.87,29.54
1.89,29.09
1.91,28.64
1.93,28.21
1.95,27.8
1.97,27.42
1.99,27.07
2.01,26.75
2.03,26.45
2.05,26.18
2.07,25.93
2.09,25.69
2.11,25.46
2.13,25.25
2.15,25.04
2.17,24.84
2.19,24.64
2.21,24.44
2.23,24.25
2.251,24.06
2.271,23.88
2.291,23.69
2.311,23.51
2.331,23.33
2.351,23.15
2.371,22.97
2.391,22.79
2.411,22.61
2.431,22.43
2.451,22.26
2.471,22.09
2.491,21.91
2.511,21.74
2.531,21.57
2.551,21.4
2.571,21.23
2.591,21.07
2.611,20.9
2.631,20.73
2.651,20.57
2.671,20.41
2.691,20.25
2.711,20.09
2.731,19.93
2.752,19.77
2.772,19.61
2.792,19.46
2.812,19.3
2.832,19.15
2.852,19
2.872,18.85
2.892,18.7
2.912,18.55
2.932,18.4
2.952,18.25
2.972,18.11
2.992,17.96
3.012,17.82
3.032,17.68
3.052,17.53
3.072,17.39
3.092,17.25
3.112,17.12
3.132,16.98
3.152,16.84
3.172,16.71
3.192,16.57
3.212,16.44
3.232,16.31
3.253,16.17
3.273,16.04
3.293,15.91
3.313,15.78
3.333,15.66
3.353,15.53
3.373,15.4
3.393,15.28
3.413,15.15
3.433,15.03
3.453,14.91
3.473,14.78
3.493,14.66
3.513,14.54
3.533,14.42
3.553,14.3
3.573,14.18
3.593,14.07
3.613,13.95
3.633,13.83
3.653,13.72
3.673,13.6
3.693,13.49
3.713,13.37
3.733,13.26
3.754,13.15
3.774,13.04
3.794,12.93
3.814,12.82
3.834,12.71
3.854,12.6
3.874,12.49
3.894,12.38
3.914,12.27
3.934,12.17
3.954,12.06
3.974,11.95
3.994,11.85
4.014,11.74
4.034,11.64
4.054,11.54
4.074,11.43
4.094,11.33
4.114,11.23
4.134,11.13
4.154,11.02
4.174,10.92
4.194,10.82
4.214,10.72
4.234,10.62
4.255,10.53
4.275,10.43
4.295,10.33
4.315,10.23
4.335,10.13
4.355,10.04
4.375,9.94
4.395,9.84
4.415,9.75
4.435,9.65
4.455,9.56
4.475,9.46
4.495,9.37
4.515,9.28
4.535,9.18
4.555,9.09
4.575,9
4.595,8.9
4.615,8.81
4.635,8.72
4.655,8.63
4.675,8.54
4.695,8.45
4.715,8.36
4.735,8.27
4.756,8.18
4.776,8.09
4.796,8
4.816,7.91
4.836,7.82
4.856,7.73
4.876,7.64
4.896,7.56
4.916,7.47
4.936,7.38
4.956,7.29
4.976,7.21
4.996,7.12
5.016,7.04
5.036,6.95
5.056,6.86
5.076,6.78
5.096,6.69
5.116,6.61
5.136,6.52
5.156,6.44
5.176,6.35
5.196,6.27
5.216,6.18
5.236,6.1
5.257,6.02
5.277,5.93
5.297,5.85
5.317,5.77
5.337,5.68
5.357,5.6
5.377,5.52
5.397,5.44
5.417,5.36
5.437,5.27
5.457,5.19
5.477,5.11
5.497,5.03
5.517,4.95
5.537,4.87
5.557,4.79
5.577,4.7
5.597,4.62
5.617,4.54
5.637,4.46
5.657,4.38
5.677,4.3
5.697,4.22
5.717,4.14
5.737,4.06
5.758,3.98
5.778,3.91
5.798,3.83
5.818,3.75
5.838,3.67
5.858,3.59
5.878,3.51
5.898,3.43
5.918,3.35
5.938,3.28
5.958,3.2
5.978,3.12
5.998,3.04
6.018,2.96
6.038,2.89
6.058,2.81
6.078,2.73
6.098,2.65
6.118,2.58
6.138,2.5
6.158,2.42
6.178,2.35
6.198,2.27
6.218,2.19
6.238,2.11
6.259,2.04
6.279,1.96
6.299,1.89
6.319,1.81
6.339,1.73
6.359,1.66
6.379,1.58
6.399,1.5
6.419,1.43
6.439,1.35
6.459,1.28
6.479,1.2
6.499,1.13
6.519,1.05
6.539,0.98
6.559,0.9
6.579,0.82
6.599,0.75
6.619,0.67
6.639,0.6
6.659,0.52
6.679,0.45
6.699,0.37
6.719,0.3
6.739,0.23
6.76,0.15
6.78,0.08
6.8,0
6.82,0
6.84,0
6.86,0
6.88,0
6.9,0
6.92,0
6.94,0
6.96,0
6.98,0
7,0
pF [-],log 10 K [cm/d]
-3,1.89
-2.97996,1.89
-2.95992,1.89
-2.93988,1.89
-2.91984,1.89
-2.8998,1.89
-2.87976,1.89
-2.85972,1.89
-2.839679,1.89
-2.819639,1.89
-2.799599,1.89
-2.779559,1.89
-2.759519,1.89
-2.739479,1.89
-2.719439,1.89
-2.699399,1.89
-2.679359,1.89
-2.659319,1.89
-2.639279,1.88
-2.619238,1.88
-2.599198,1.88
-2.579158,1.88
-2.559118,1.88
-2.539078,1.88
-2.519038,1.88
-2.498998,1.88
-2.478958,1.88
-2.458918,1.88
-2.438878,1.88
-2.418838,1.88
-2.398798,1.88
-2.378757,1.88
-2.358717,1.88
-2.338677,1.88
-2.318637,1.88
-2.298597,1.88
-2.278557,1.87
-2.258517,1.87
-2.238477,1.87
-2.218437,1.87
-2.198397,1.87
-2.178357,1.87
-2.158317,1.87
-2.138277,1.87
-2.118237,1.87
-2.098197,1.87
-2.078156,1.87
-2.058116,1.87
-2.038076,1.87
-2.018036,1.87
-1.997996,1.86
-1.977956,1.86
-1.957916,1.86
-1.937876,1.86
-1.917836,1.86
-1.897796,1.86
-1.877756,1.86
-1.857715,1.86
-1.837675,1.86
-1.817635,1.86
-1.797595,1.86
-1.777555,1.85
-1.757515,1.85
-1.737475,1.85
-1.717435,1.85
-1.697395,1.85
-1.677355,1.85
-1.657315,1.85
-1.637275,1.85
-1.617234,1.85
-1.597194,1.85
-1.577154,1.84
-1.557114,1.84
-1.537074,1.84
-1.517034,1.84
-1.496994,1.84
-1.476954,1.84
-1.456914,1.84
-1.436874,1.84
-1.416834,1.83
-1.396794,1.83
-1.376753,1.83
-1.356713,1.83
-1.336673,1.83
-1.316633,1.83
-1.296593,1.83
-1.276553,1.82
-1.256513,1.82
-1.236473,1.82
-1.216433,1.82
-1.196393,1.82
-1.176353,1.82
-1.156313,1.82
-1.136273,1.81
-1.116233,1.81
-1.096192,1.81
-1.076152,1.81
-1.056112,1.81
-1.036072,1.81
-1.016032,1.8
-0.995992,1.8
-0.9759519,1.8
-0.9559118,1.8
-0.9358717,1.8
-0.9158317,1.79
-0.8957916,1.79
-0.8757515,1.79
-0.8557114,1.79
-0.8356714,1.79
-0.8156313,1.78
-0.7955912,1.78
-0.7755511,1.78
-0.755511,1.78
-0.735471,1.77
-0.7154309,1.77
-0.6953908,1.77
-0.6753507,1.77
-0.6553106,1.76
-0.6352705,1.76
-0.6152304,1.76
-0.5951904,1.76
-0.5751503,1.75
-0.5551102,1.75
-0.5350701,1.75
-0.5150301,1.74
-0.49499,1.74
-0.4749499,1.74
-0.4549098,1.74
-0.4348697,1.73
-0.4148297,1.73
-0.3947896,1.73
-0.3747495,1.72
-0.3547094,1.72
-0.3346694,1.71
-0.3146293,1.71
-0.2945892,1.71
-0.2745491,1.7
-0.254509,1.7
-0.2344689,1.7
-0.2144289,1.69
-0.1943888,1.69
-0.1743487,1.68
-0.1543086,1.68
-0.1342685,1.67
-0.1142285,1.67
-0.09418838,1.67
-0.0741483,1.66
-0.05410822,1.66
-0.03406814,1.65
-0.01402806,1.65
0.006012024,1.64
0.0260521,1.64
0.04609219,1.63
0.06613226,1.62
0.08617234,1.62
0.1062124,1.61
0.1262525,1.61
0.1462926,1.6
0.1663327,1.6
0.1863727,1.59
0.2064128,1.58
0.2264529,1.58
0.246493,1.57
0.2665331,1.56
0.2865731,1.55
0.3066132,1.55
0.3266533,1.54
0.3466934,1.53
0.3667335,1.52
0.3867736,1.51
0.4068136,1.51
0.4268537,1.5
0.4468938,1.49
0.4669339,1.48
0.4869739,1.47
0.507014,1.46
0.5270541,1.45
0.5470942,1.44
0.5671343,1.43
0.5871744,1.42
0.6072145,1.4
0.6272545,1.39
0.6472946,1.38
0.6673347,1.37
0.6873748,1.35
0.7074148,1.34
0.7274549,1.33
0.747495,1.31
0.7675351,1.3
0.7875751,1.28
0.8076152,1.27
0.8276553,1.25
0.8476954,1.23
0.8677354,1.22
0.8877755,1.2
0.9078156,1.18
0.9278557,1.16
0.9478958,1.14
0.9679359,1.12
0.987976,1.1
1.008016,1.08
1.028056,1.05
1.048096,1.03
1.068136,1.01
1.088176,0.98
1.108216,0.96
1.128257,0.93
1.148297,0.9
1.168337,0.88
1.188377,0.85
1.208417,0.82
1.228457,0.79
1.248497,0.76
1.268537,0.72
1.288577,0.69
1.308617,0.66
1.328657,0.62
1.348697,0.59
1.368737,0.55
1.388778,0.51
1.408818,0.47
1.428858,0.43
1.448898,0.39
1.468938,0.35
1.488978,0.31
1.509018,0.26
1.529058,0.22
1.549098,0.17
1.569138,0.12
1.589178,0.07
1.609218,0.02
1.629259,-0.03
1.649299,-0.09
1.669339,-0.16
1.689379,-0.23
1.709419,-0.3
1.729459,-0.39
1.749499,-0.48
1.769539,-0.59
1.789579,-0.72
1.809619,-0.86
1.829659,-1.01
1.849699,-1.18
1.86974,-1.34
1.88978,-1.5
1.90982,-1.64
1.92986,-1.75
1.9499,-1.84
1.96994,-1.91
1.98998,-1.97
2.01002,-2.01
2.03006,-2.05
2.0501,-2.09
2.07014,-2.12
2.09018,-2.15
2.11022,-2.18
2.13026,-2.21
2.150301,-2.24
2.170341,-2.27
2.190381,-2.3
2.210421,-2.33
2.230461,-2.36
2.250501,-2.39
2.270541,-2.42
2.290581,-2.45
2.310621,-2.48
2.330661,-2.5
2.350701,-2.53
2.370741,-2.56
2.390782,-2.59
2.410822,-2.62
2.430862,-2.65
2.450902,-2.68
2.470942,-2.71
2.490982,-2.74
2.511022,-2.77
2.531062,-2.8
2.551102,-2.83
2.571142,-2.86
2.591182,-2.89
2.611223,-2.92
2.631263,-2.95
2.651303,-2.98
2.671343,-3.01
2.691383,-3.04
2.711423,-3.07
2.731463,-3.1
2.751503,-3.13
2.771543,-3.16
2.791583,-3.19
2.811623,-3.22
2.831663,-3.25
2.851703,-3.28
2.871743,-3.31
2.891783,-3.34
2.911824,-3.37
2.931864,-3.4
2.951904,-3.43
2.971944,-3.46
2.991984,-3.49
3.012024,-3.52
3.032064,-3.55
3.052104,-3.58
3.072144,-3.61
3.092184,-3.64
3.112224,-3.67
3.132265,-3.7
3.152305,-3.73
3.172345,-3.76
3.192385,-3.79
3.212425,-3.82
3.232465,-3.85
3.252505,-3.88
3.272545,-3.91
3.292585,-3.94
3.312625,-3.97
3.332665,-4
3.352705,-4.03
3.372746,-4.06
3.392786,-4.09
3.412826,-4.12
3.432866,-4.15
3.452906,-4.18
3.472946,-4.21
3.492986,-4.24
3.513026,-4.27
3.533066,-4.3
3.553106,-4.33
3.573146,-4.36
3.593186,-4.39
3.613226,-4.42
3.633266,-4.45
3.653307,-4.48
3.673347,-4.51
3.693387,-4.54
3.713427,-4.57
3.733467,-4.6
3.753507,-4.63
3.773547,-4.66
3.793587,-4.69
3.813627,-4.72
3.833667,-4.75
3.853707,-4.78
3.873748,-4.81
3.893788,-4.84
3.913828,-4.87
3.933868,-4.9
3.953908,-4.93
3.973948,-4.96
3.993988,-4.99
4.014028,-5.02
4.034068,-5.05
4.054108,-5.08
4.074148,-5.11
4.094188,-5.14
4.114228,-5.17
4.134269,-5.2
4.154309,-5.23
4.174349,-5.26
4.194389,-5.29
4.214429,-5.32
4.234469,-5.35
4.254509,-5.38
4.274549,-5.41
4.294589,-5.44
4.314629,-5.47
4.334669,-5.5
4.35471,-5.53
4.37475,-5.56
4.39479,-5.59
4.41483,-5.62
4.43487,-5.65
4.45491,-5.68
4.47495,-5.71
4.49499,-5.74
4.51503,-5.77
4.53507,-5.8
4.55511,-5.83
4.57515,-5.86
4.595191,-5.89
4.615231,-5.92
4.635271,-5.95
4.655311,-5.98
4.675351,-6.01
4.695391,-6.04
4.715431,-6.07
4.735471,-6.1
4.755511,-6.13
4.775551,-6.16
4.795591,-6.19
4.815631,-6.22
4.835671,-6.25
4.855711,-6.28
4.875751,-6.31
4.895792,-6.34
4.915832,-6.37
4.935872,-6.4
4.955912,-6.43
4.975952,-6.46
4.995992,-6.49
5.016032,-6.52
5.036072,-6.55
5.056112,-6.58
5.076152,-6.61
5.096192,-6.64
5.116232,-6.68
5.136272,-6.71
5.156312,-6.74
5.176353,-6.77
5.196393,-6.8
5.216433,-6.83
5.236473,-6.86
5.256513,-6.89
5.276553,-6.92
5.296593,-6.95
5.316633,-6.98
5.336673,-7.01
5.356713,-7.04
5.376753,-7.07
5.396793,-7.1
5.416834,-7.13
5.436874,-7.16
5.456914,-7.19
5.476954,-7.22
5.496994,-7.25
5.517034,-7.28
5.537074,-7.31
5.557114,-7.34
5.577154,-7.37
5.597194,-7.4
5.617235,-7.43
5.637275,-7.46
5.657315,-7.49
5.677355,-7.52
5.697395,-7.55
5.717435,-7.58
5.737475,-7.61
5.757515,-7.64
5.777555,-7.67
5.797595,-7.7
5.817635,-7.73
5.837676,-7.76
5.857716,-7.79
5.877756,-7.82
5.897796,-7.85
5.917836,-7.88
5.937876,-7.91
5.957916,-7.94
5.977956,-7.97
5.997996,-8
6.018036,-8.03
6.038076,-8.06
6.058116,-8.09
6.078156,-8.12
6.098197,-8.15
6.118237,-8.18
6.138277,-8.21
6.158317,-8.24
6.178357,-8.27
6.198397,-8.3
6.218437,-8.33
6.238477,-8.36
6.258517,-8.39
6.278557,-8.42
6.298597,-8.45
6.318637,-8.48
6.338677,-8.51
6.358717,-8.54
6.378757,-8.57
6.398798,-8.6
6.418838,-8.63
6.438878,-8.66
6.458918,-8.69
6.478958,-8.72
6.498998,-8.75
6.519038,-8.78
6.539078,-8.81
6.559118,-8.84
6.579158,-8.87
6.599198,-8.9
6.619238,-8.93
6.639278,-8.96
6.659318,-8.99
6.679358,-9.02
6.699399,-9.05
6.719439,-9.08
6.739479,-9.11
6.759519,-9.14
6.779559,-9.17
6.799599,-9.2
Water Content [Vol%],log 10 K [cm/d]
36.21,1.89
36.21,1.89
36.21,1.89
36.21,1.89
36.21,1.89
36.21,1.89
36.21,1.89
36.21,1.89
36.21,1.89
36.21,1.89
36.21,1.89
36.21,1.89
36.21,1.89
36.21,1.89
36.21,1.89
36.21,1.89
36.21,1.89
36.21,1.89
36.21,1.88
36.21,1.88
36.21,1.88
36.21,1.88
36.21,1.88
36.21,1.88
36.21,1.88
36.21,1.88
36.21,1.88
36.21,1.88
36.21,1.88
36.21,1.88
36.21,1.88
36.21,1.88
36.21,1.88
36.21,1.88
36.21,1.88
36.21,1.88
36.21,1.87
36.21,1.87
36.21,1.87
36.21,1.87
36.21,1.87
36.21,1.87
36.21,1.87
36.21,1.87
36.21,1.87
36.21,1.87
36.21,1.87
36.21,1.87
36.21,1.87
36.21,1.87
36.21,1.86
36.21,1.86
36.21,1.86
36.21,1.86
36.21,1.86
36.21,1.86
36.21,1.86
36.21,1.86
36.21,1.86
36.21,1.86
36.21,1.86
36.21,1.85
36.21,1.85
36.21,1.85
36.21,1.85
36.21,1.85
36.21,1.85
36.21,1.85
36.21,1.85
36.21,1.85
36.21,1.85
36.21,1.84
36.21,1.84
36.21,1.84
36.21,1.84
36.21,1.84
36.21,1.84
36.21,1.84
36.21,1.84
36.21,1.83
36.21,1.83
36.21,1.83
36.21,1.83
36.21,1.83
36.21,1.83
36.21,1.83
36.21,1.82
36.21,1.82
36.21,1.82
36.21,1.82
36.21,1.82
36.21,1.82
36.21,1.82
36.21,1.81
36.21,1.81
36.21,1.81
36.21,1.81
36.21,1.81
36.21,1.81
36.21,1.8
36.21,1.8
36.21,1.8
36.21,1.8
36.21,1.8
36.21,1.79
36.21,1.79
36.21,1.79
36.21,1.79
36.21,1.79
36.21,1.78
36.21,1.78
36.21,1.78
36.21,1.78
36.21,1.77
36.21,1.77
36.21,1.77
36.21,1.77
36.21,1.76
36.21,1.76
36.2,1.76
36.2,1.76
36.2,1.75
36.2,1.75
36.2,1.75
36.2,1.74
36.2,1.74
36.2,1.74
36.2,1.74
36.2,1.73
36.2,1.73
36.2,1.73
36.2,1.72
36.2,1.72
36.2,1.71
36.2,1.71
36.2,1.71
36.2,1.7
36.2,1.7
36.2,1.7
36.19,1.69
36.19,1.69
36.19,1.68
36.19,1.68
36.19,1.67
36.19,1.67
36.19,1.67
36.19,1.66
36.18,1.66
36.18,1.65
36.18,1.65
36.18,1.64
36.18,1.64
36.18,1.63
36.17,1.62
36.17,1.62
36.17,1.61
36.17,1.61
36.16,1.6
36.16,1.6
36.16,1.59
36.15,1.58
36.15,1.58
36.15,1.57
36.14,1.56
36.14,1.55
36.13,1.55
36.13,1.54
36.12,1.53
36.12,1.52
36.11,1.51
36.11,1.51
36.1,1.5
36.09,1.49
36.09,1.48
36.08,1.47
36.07,1.46
36.06,1.45
36.05,1.44
36.04,1.43
36.03,1.42
36.02,1.4
36.01,1.39
36,1.38
35.98,1.37
35.97,1.35
35.95,1.34
35.94,1.33
35.92,1.31
35.9,1.3
35.88,1.28
35.86,1.27
35.84,1.25
35.82,1.23
35.79,1.22
35.77,1.2
35.74,1.18
35.71,1.16
35.68,1.14
35.65,1.12
35.62,1.1
35.58,1.08
35.54,1.05
35.5,1.03
35.46,1.01
35.42,0.98
35.37,0.96
35.32,0.93
35.27,0.9
35.21,0.88
35.16,0.85
35.1,0.82
35.03,0.79
34.97,0.76
34.9,0.72
34.82,0.69
34.75,0.66
34.67,0.62
34.58,0.59
34.49,0.55
34.4,0.51
34.31,0.47
34.21,0.43
34.1,0.39
33.99,0.35
33.88,0.31
33.76,0.26
33.64,0.22
33.52,0.17
33.38,0.12
33.24,0.07
33.1,0.02
32.94,-0.03
32.78,-0.09
32.6,-0.16
32.41,-0.23
32.21,-0.3
31.98,-0.39
31.73,-0.48
31.45,-0.59
31.13,-0.72
30.78,-0.86
30.39,-1.01
29.97,-1.18
29.54,-1.34
29.09,-1.5
28.64,-1.64
28.21,-1.75
27.8,-1.84
27.42,-1.91
27.07,-1.97
26.75,-2.01
26.45,-2.05
26.18,-2.09
25.93,-2.12
25.69,-2.15
25.46,-2.18
25.25,-2.21
25.04,-2.24
24.84,-2.27
24.64,-2.3
24.44,-2.33
24.25,-2.36
24.06,-2.39
23.88,-2.42
23.69,-2.45
23.51,-2.48
23.33,-2.5
23.15,-2.53
22.97,-2.56
22.79,-2.59
22.61,-2.62
22.43,-2.65
22.26,-2.68
22.09,-2.71
21.91,-2.74
21.74,-2.77
21.57,-2.8
21.4,-2.83
21.23,-2.86
21.07,-2.89
20.9,-2.92
20.73,-2.95
20.57,-2.98
20.41,-3.01
20.25,-3.04
20.09,-3.07
19.93,-3.1
19.77,-3.13
19.61,-3.16
19.46,-3.19
19.3,-3.22
19.15,-3.25
19,-3.28
18.85,-3.31
18.7,-3.34
18.55,-3.37
18.4,-3.4
18.25,-3.43
18.11,-3.46
17.96,-3.49
17.82,-3.52
17.68,-3.55
17.53,-3.58
17.39,-3.61
17.25,-3.64
17.12,-3.67
16.98,-3.7
16.84,-3.73
16.71,-3.76
16.57,-3.79
16.44,-3.82
16.31,-3.85
16.17,-3.88
16.04,-3.91
15.91,-3.94
15.78,-3.97
15.66,-4
15.53,-4.03
15.4,-4.06
15.28,-4.09
15.15,-4.12
15.03,-4.15
14.91,-4.18
14.78,-4.21
14.66,-4.24
14.54,-4.27
14.42,-4.3
14.3,-4.33
14.18,-4.36
14.07,-4.39
13.95,-4.42
13.83,-4.45
13.72,-4.48
13.6,-4.51
13.49,-4.54
13.37,-4.57
13.26,-4.6
13.15,-4.63
13.04,-4.66
12.93,-4.69
12.82,-4.72
12.71,-4.75
12.6,-4.78
12.49,-4.81
12.38,-4.84
12.27,-4.87
12.17,-4.9
12.06,-4.93
11.95,-4.96
11.85,-4.99
11.74,-5.02
11.64,-5.05
11.54,-5.08
11.43,-5.11
11.33,-5.14
11.23,-5.17
11.13,-5.2
11.02,-5.23
10.92,-5.26
10.82,-5.29
10.72,-5.32
10.62,-5.35
10.53,-5.38
10.43,-5.41
10.33,-5.44
10.23,-5.47
10.13,-5.5
10.04,-5.53
9.94,-5.56
9.84,-5.59
9.75,-5.62
9.65,-5.65
9.56,-5.68
9.46,-5.71
9.37,-5.74
9.28,-5.77
9.18,-5.8
9.09,-5.83
9,-5.86
8.9,-5.89
8.81,-5.92
8.72,-5.95
8.63,-5.98
8.54,-6.01
8.45,-6.04
8.36,-6.07
8.27,-6.1
8.18,-6.13
8.09,-6.16
8,-6.19
7.91,-6.22
7.82,-6.25
7.73,-6.28
7.64,-6.31
7.56,-6.34
7.47,-6.37
7.38,-6.4
7.29,-6.43
7.21,-6.46
7.12,-6.49
7.04,-6.52
6.95,-6.55
6.86,-6.58
6.78,-6.61
6.69,-6.64
6.61,-6.68
6.52,-6.71
6.44,-6.74
6.35,-6.77
6.27,-6.8
6.18,-6.83
6.1,-6.86
6.02,-6.89
5.93,-6.92
5.85,-6.95
5.77,-6.98
5.68,-7.01
5.6,-7.04
5.52,-7.07
5.44,-7.1
5.36,-7.13
5.27,-7.16
5.19,-7.19
5.11,-7.22
5.03,-7.25
4.95,-7.28
4.87,-7.31
4.79,-7.34
4.7,-7.37
4.62,-7.4
4.54,-7.43
4.46,-7.46
4.38,-7.49
4.3,-7.52
4.22,-7.55
4.14,-7.58
4.06,-7.61
3.98,-7.64
3.91,-7.67
3.83,-7.7
3.75,-7.73
3.67,-7.76
3.59,-7.79
3.51,-7.82
3.43,-7.85
3.35,-7.88
3.28,-7.91
3.2,-7.94
3.12,-7.97
3.04,-8
2.96,-8.03
2.89,-8.06
2.81,-8.09
2.73,-8.12
2.65,-8.15
2.58,-8.18
2.5,-8.21
2.42,-8.24
2.35,-8.27
2.27,-8.3
2.19,-8.33
2.11,-8.36
2.04,-8.39
1.96,-8.42
1.89,-8.45
1.81,-8.48
1.73,-8.51
1.66,-8.54
1.58,-8.57
1.5,-8.6
1.43,-8.63
1.35,-8.66
1.28,-8.69
1.2,-8.72
1.13,-8.75
1.05,-8.78
0.98,-8.81
0.9,-8.84
0.82,-8.87
0.75,-8.9
0.67,-8.93
0.6,-8.96
0.52,-8.99
0.45,-9.02
0.37,-9.05
0.3,-9.08
0.23,-9.11
0.15,-9.14
0.08,-9.17
0,-9.2
Is fitted,Parameter,Value,Min,Max,2.5%,97.5%,Unit
1,alpha1,0.0134,0.00001,0.5,0.0118,0.0151,1/cm
1,n1,6.974,1.01,15,3.402,15.860,-
1,th_r,0.184,0,0.4,0.139,0.229,cm³/cm³
1,th_s,0.362,0.1,1,0.361,0.363,cm³/cm³
0,pF_dry,6.80,5.00,7.00,,,-
1,alpha2,0.0267,0.00001,0.5,0.0224,0.0318,1/cm
1,n2,1.335,1.01,15,1.187,1.602,-
1,w2,0.800,0,1,0.736,0.865,-
1,Ks,82.2,0.01,10000,58.2,116.0,cm/d
1,tau,10.000*,-1,10,6.357,10*,-
1,omega,5.31E-4,0.000000001,0.1,3.95E-4,7.14E-4,-
0,a,-1.500,-5,0,,,-
 ,alpha1,n1,th_r,th_s,pF_dry,alpha2,n2,w2,Ks,tau,omega,a
 ,1,-0.349,-0.129,-0.133,0.018,-0.278,-0.435,-0.457,-0.071,-0.27,,
alpha1,-0.349,1,0.545,-0.032,-0.544,-0.399,0.47,-0.189,0.599,0.738,,
n1,-0.129,0.545,1,-0.21,-0.932,-0.643,0.676,-0.456,0.978,0.361,,
th_r,-0.133,-0.032,-0.21,1,0.258,0.079,0.122,0.478,-0.237,0.103,,
th_s,0.018,-0.544,-0.932,0.258,1,0.645,-0.623,0.607,-0.957,-0.399,,
pF_dry,-0.278,-0.399,-0.643,0.079,0.645,1,-0.393,0.359,-0.653,-0.33,,
alpha2,-0.435,0.47,0.676,0.122,-0.623,-0.393,1,0.181,0.6,0.411,,
n2,-0.457,-0.189,-0.456,0.478,0.607,0.359,0.181,1,-0.576,-0.056,,
w2,-0.071,0.599,0.978,-0.237,-0.957,-0.653,0.6,-0.576,1,0.463,,
Ks,-0.27,0.738,0.361,0.103,-0.399,-0.33,0.411,-0.056,0.463,1,,
Name,Value
RMSE_TH,0.0032
RMSE_K,0.2431
AICc,3
